id,styleId,url,thumbnail_url
1,1,https://images.unsplash.com/photo-1501088430049-71c79fa3283e?ixlib=rb-1.2.1&ixid=eyJhcHBfaWQiOjEyMDd9&auto=format&fit=crop&w=668&q=80,https://images.unsplash.com/photo-1501088430049-71c79fa3283e?ixlib=rb-1.2.1&ixid=eyJhcHBfaWQiOjEyMDd9&auto=format&fit=crop&w=300&q=80
2,1,https://images.unsplash.com/photo-1534011546717-407bced4d25c?ixlib=rb-1.2.1&ixid=eyJhcHBfaWQiOjEyMDd9&auto=format&fit=crop&w=2734&q=80,https://images.unsplash.com/photo-1534011546717-407bced4d25c?ixlib=rb-1.2.1&ixid=eyJhcHBfaWQiOjEyMDd9&auto=format&fit=crop&w=300&q=80
3,1,https://images.unsplash.com/photo-1549831243-a69a0b3d39e0?ixlib=rb-1.2.1&ixid=eyJhcHBfaWQiOjEyMDd9&auto=format&fit=crop&w=2775&q=80,https://images.unsplash.com/photo-1549831243-a69a0b3d39e0?ixlib=rb-1.2.1&ixid=eyJhcHBfaWQiOjEyMDd9&auto=format&fit=crop&w=300&q=80
4,1,https://images.unsplash.com/photo-1527522883525-97119bfce82d?ixlib=rb-1.2.1&auto=format&fit=crop&w=668&q=80,https://images.unsplash.com/photo-1527522883525-97119bfce82d?ixlib=rb-1.2.1&auto=format&fit=crop&w=300&q=80
5,1,https://images.unsplash.com/photo-1556648202-80e751c133da?ixlib=rb-1.2.1&ixid=eyJhcHBfaWQiOjEyMDd9&auto=format&fit=crop&w=668&q=80,https://images.unsplash.com/photo-1556648202-80e751c133da?ixlib=rb-1.2.1&ixid=eyJhcHBfaWQiOjEyMDd9&auto=format&fit=crop&w=300&q=80
6,1,https://images.unsplash.com/photo-1532543491484-63e29b3c1f5d?ixlib=rb-1.2.1&ixid=eyJhcHBfaWQiOjEyMDd9&auto=format&fit=crop&w=1000&q=80,https://images.unsplash.com/photo-1532543491484-63e29b3c1f5d?ixlib=rb-1.2.1&ixid=eyJhcHBfaWQiOjEyMDd9&auto=format&fit=crop&w=300&q=80
8,2,https://images.unsplash.com/photo-1533779183510-8f55a55f15c1?ixlib=rb-1.2.1&ixid=eyJhcHBfaWQiOjEyMDd9&auto=format&fit=crop&w=668&q=80,https://images.unsplash.com/photo-1533779183510-8f55a55f15c1?ixlib=rb-1.2.1&ixid=eyJhcHBfaWQiOjEyMDd9&auto=format&fit=crop&w=300&q=80
7,2,https://images.unsplash.com/photo-1560567546-4c6dbc16877b?ixlib=rb-1.2.1&ixid=eyJhcHBfaWQiOjEyMDd9&auto=format&fit=crop&w=668&q=80,https://images.unsplash.com/photo-1560567546-4c6dbc16877b?ixlib=rb-1.2.1&ixid=eyJhcHBfaWQiOjEyMDd9&auto=format&fit=crop&w=300&q=80
9,2,https://images.unsplash.com/photo-1458253329476-1ebb8593a652?ixlib=rb-1.2.1&ixid=eyJhcHBfaWQiOjEyMDd9&auto=format&fit=crop&w=1650&q=80,https://images.unsplash.com/photo-1458253329476-1ebb8593a652?ixlib=rb-1.2.1&ixid=eyJhcHBfaWQiOjEyMDd9&auto=format&fit=crop&w=300&q=80
10,2,https://images.unsplash.com/photo-1422557379185-474fa15bf770?ixlib=rb-1.2.1&ixid=eyJhcHBfaWQiOjEyMDd9&auto=format&fit=crop&w=1650&q=80,https://images.unsplash.com/photo-1422557379185-474fa15bf770?ixlib=rb-1.2.1&ixid=eyJhcHBfaWQiOjEyMDd9&auto=format&fit=crop&w=300&q=80
11,2,https://images.unsplash.com/photo-1490723286627-4b66e6b2882a?ixlib=rb-1.2.1&ixid=eyJhcHBfaWQiOjEyMDd9&auto=format&fit=crop&w=1650&q=80,https://images.unsplash.com/photo-1490723286627-4b66e6b2882a?ixlib=rb-1.2.1&ixid=eyJhcHBfaWQiOjEyMDd9&auto=format&fit=crop&w=300&q=80
12,2,https://images.unsplash.com/photo-1447958272669-9c562446304f?ixlib=rb-1.2.1&ixid=eyJhcHBfaWQiOjEyMDd9&auto=format&fit=crop&w=2800&q=80,https://images.unsplash.com/photo-1447958272669-9c562446304f?ixlib=rb-1.2.1&ixid=eyJhcHBfaWQiOjEyMDd9&auto=format&fit=crop&w=300&q=80
13,3,https://images.unsplash.com/photo-1556304653-cba65c59b3c5?ixlib=rb-1.2.1&ixid=eyJhcHBfaWQiOjEyMDd9&auto=format&fit=crop&w=2761&q=80,https://images.unsplash.com/photo-1556304653-cba65c59b3c5?ixlib=rb-1.2.1&ixid=eyJhcHBfaWQiOjEyMDd9&auto=format&fit=crop&w=300&q=80
14,3,https://images.unsplash.com/photo-1544131750-2985d621da30?ixlib=rb-1.2.1&ixid=eyJhcHBfaWQiOjEyMDd9&auto=format&fit=crop&w=666&q=80,https://images.unsplash.com/photo-1544131750-2985d621da30?ixlib=rb-1.2.1&ixid=eyJhcHBfaWQiOjEyMDd9&auto=format&fit=crop&w=300&q=80
15,3,https://images.unsplash.com/photo-1557760257-b02421ae77fe?ixlib=rb-1.2.1&ixid=eyJhcHBfaWQiOjEyMDd9&auto=format&fit=crop&w=2089&q=80,https://images.unsplash.com/photo-1557760257-b02421ae77fe?ixlib=rb-1.2.1&ixid=eyJhcHBfaWQiOjEyMDd9&auto=format&fit=crop&w=300&q=80
16,3,https://images.unsplash.com/photo-1551506448-074afa034c05?ixlib=rb-1.2.1&ixid=eyJhcHBfaWQiOjEyMDd9&auto=format&fit=crop&w=938&q=80,https://images.unsplash.com/photo-1551506448-074afa034c05?ixlib=rb-1.2.1&ixid=eyJhcHBfaWQiOjEyMDd9&auto=format&fit=crop&w=300&q=80
17,3,https://images.unsplash.com/photo-1556268652-ad74ebb8f1e7?ixlib=rb-1.2.1&auto=format&fit=crop&w=1650&q=80,https://images.unsplash.com/photo-1556268652-ad74ebb8f1e7?ixlib=rb-1.2.1&auto=format&fit=crop&w=300&q=80
18,3,https://images.unsplash.com/photo-1557394976-32cc983558ba?ixlib=rb-1.2.1&ixid=eyJhcHBfaWQiOjEyMDd9&auto=format&fit=crop&w=1000&q=80,https://images.unsplash.com/photo-1557394976-32cc983558ba?ixlib=rb-1.2.1&ixid=eyJhcHBfaWQiOjEyMDd9&auto=format&fit=crop&w=300&q=80
19,4,https://images.unsplash.com/photo-1530092376999-2431865aa8df?ixlib=rb-1.2.1&ixid=eyJhcHBfaWQiOjEyMDd9&auto=format&fit=crop&w=2734&q=80,https://images.unsplash.com/photo-1530092376999-2431865aa8df?ixlib=rb-1.2.1&ixid=eyJhcHBfaWQiOjEyMDd9&auto=format&fit=crop&w=300&q=80
20,4,https://images.unsplash.com/photo-1487174244970-cd18784bb4a4?ixlib=rb-1.2.1&ixid=eyJhcHBfaWQiOjEyMDd9&auto=format&fit=crop&w=1652&q=80,https://images.unsplash.com/photo-1487174244970-cd18784bb4a4?ixlib=rb-1.2.1&ixid=eyJhcHBfaWQiOjEyMDd9&auto=format&fit=crop&w=300&q=80
21,4,https://images.unsplash.com/photo-1488554378835-f7acf46e6c98?ixlib=rb-1.2.1&ixid=eyJhcHBfaWQiOjEyMDd9&auto=format&fit=crop&w=1651&q=80,https://images.unsplash.com/photo-1488554378835-f7acf46e6c98?ixlib=rb-1.2.1&ixid=eyJhcHBfaWQiOjEyMDd9&auto=format&fit=crop&w=300&q=80
22,4,https://images.unsplash.com/photo-1486025402772-bc179c8dfb0e?ixlib=rb-1.2.1&ixid=eyJhcHBfaWQiOjEyMDd9&auto=format&fit=crop&w=1650&q=80,https://images.unsplash.com/photo-1486025402772-bc179c8dfb0e?ixlib=rb-1.2.1&ixid=eyJhcHBfaWQiOjEyMDd9&auto=format&fit=crop&w=300&q=80
23,4,https://images.unsplash.com/photo-1473691955023-da1c49c95c78?ixlib=rb-1.2.1&ixid=eyJhcHBfaWQiOjEyMDd9&auto=format&fit=crop&w=1650&q=80,https://images.unsplash.com/photo-1473691955023-da1c49c95c78?ixlib=rb-1.2.1&ixid=eyJhcHBfaWQiOjEyMDd9&auto=format&fit=crop&w=300&q=80
24,4,https://images.unsplash.com/photo-1517456837005-d757b959ae2b?ixlib=rb-1.2.1&ixid=eyJhcHBfaWQiOjEyMDd9&auto=format&fit=crop&w=800&q=60,https://images.unsplash.com/photo-1517456837005-d757b959ae2b?ixlib=rb-1.2.1&ixid=eyJhcHBfaWQiOjEyMDd9&auto=format&fit=crop&w=300&q=60
